pois_category,total_points,filtered_points,filtered%
clinic,10,0,0.0
doctors,175,14,8.0
hospital,32,0,0.0
pharmacy,38,4,10.526315789473683
supermarket,55,4,7.2727272727272725
senior_facility,31,1,3.225806451612903
kindergarten,147,4,2.7210884353741496
Total,488,27,5.532786885245901
