pois_category,total_points,filtered_points,filtered%
clinic,10,9,90.0
doctors,175,154,88.0
hospital,32,21,65.625
pharmacy,38,36,94.73684210526315
supermarket,55,46,83.63636363636363
senior_facility,31,29,93.54838709677419
kindergarten,147,107,72.78911564625851
Total,488,402,82.37704918032787
